{
    "USDAED": 3.67305,
    "USDAFN": 76.350404,
    "USDALL": 112.325041,
    "USDAMD": 476.38318,
    "USDANG": 1.783285,
    "USDAOA": 557.303981,
    "USDARS": 65.928253,
    "USDAUD": 1.557604,
    "USDAWG": 1.8,
    "USDAZN": 1.70397,
    "USDBAM": 1.786758,
    "USDBBD": 2.005892,
    "USDBDT": 84.39252,
    "USDBGN": 1.78645,
    "USDBHD": 0.378041,
    "USDBIF": 1905,
    "USDBMD": 1,
    "USDBND": 1.400312,
    "USDBOB": 6.850382,
    "USDBRL": 5.487304,
    "USDBSD": 0.993455,
    "USDBTC": 0.000141,
    "USDBTN": 74.57313,
    "USDBWP": 11.941096,
    "USDBYN": 2.40471,
    "USDBYR": 19600,
    "USDBZD": 2.002494,
    "USDCAD": 1.42635,
    "USDCDF": 1746.000362,
    "USDCHF": 0.961526,
    "USDCLF": 0.03025,
    "USDCLP": 834.703912,
    "USDCNY": 7.062504,
    "USDCOP": 3956.24,
    "USDCRC": 564.22624,
    "USDCUC": 1,
    "USDCUP": 26.5,
    "USDCVE": 100.750394,
    "USDCZK": 24.783604,
    "USDDJF": 177.720394,
    "USDDKK": 6.79404,
    "USDDOP": 54.760393,
    "USDDZD": 128.250393,
    "USDEGP": 15.544639,
    "USDERN": 15.000358,
    "USDETB": 33.53504,
    "USDEUR": 0.901348,
    "USDFJD": 2.23504,
    "USDFKP": 0.80039,
    "USDGBP": 0.799872,
    "USDGEL": 3.203863,
    "USDGGP": 0.80039,
    "USDGHS": 5.803858,
    "USDGIP": 0.80039,
    "USDGMD": 51.103853,
    "USDGNF": 9450.000355,
    "USDGTQ": 7.667277,
    "USDGYD": 207.79873,
    "USDHKD": 7.76285,
    "USDHNL": 25.010389,
    "USDHRK": 6.921801,
    "USDHTG": 104.62648,
    "USDHUF": 321.960388,
    "USDIDR": 14678.966,
    "USDILS": 3.508504,
    "USDIMP": 0.80039,
    "USDINR": 75.83104,
    "USDIQD": 1190.5,
    "USDIRR": 42105.000352,
    "USDISK": 144.950386,
    "USDJEP": 0.80039,
    "USDJMD": 140.67645,
    "USDJOD": 0.70904,
    "USDJPY": 106.930385,
    "USDKES": 107.303804,
    "USDKGS": 78.887504,
    "USDKHR": 4106.000351,
    "USDKMF": 448.650384,
    "USDKPW": 900,
    "USDKRW": 1224.930384,
    "USDKWD": 0.30935,
    "USDKYD": 0.827925,
    "USDKZT": 423.234504,
    "USDLAK": 8985.000349,
    "USDLBP": 1512.597404,
    "USDLKR": 189.25917,
    "USDLRD": 198.125039,
    "USDLSL": 18.540382,
    "USDLTL": 2.95274,
    "USDLVL": 0.60489,
    "USDLYD": 1.420381,
    "USDMAD": 9.847039,
    "USDMDL": 17.73325,
    "USDMGA": 3780.000347,
    "USDMKD": 56.288683,
    "USDMMK": 1401.312904,
    "USDMNT": 2792.897826,
    "USDMOP": 7.931177,
    "USDMRO": 357.00003,
    "USDMUR": 39.860379,
    "USDMVR": 15.503741,
    "USDMWK": 735.000345,
    "USDMXN": 24.602604,
    "USDMYR": 4.297504,
    "USDMZN": 67.805039,
    "USDNAD": 18.540377,
    "USDNGN": 389.510377,
    "USDNIO": 34.550377,
    "USDNOK": 10.298204,
    "USDNPR": 119.31469,
    "USDNZD": 1.648533,
    "USDOMR": 0.385165,
    "USDPAB": 0.993491,
    "USDPEN": 3.374504,
    "USDPGK": 3.435039,
    "USDPHP": 50.570375,
    "USDPKR": 160.375038,
    "USDPLN": 4.16355,
    "USDPYG": 6486.888904,
    "USDQAR": 3.64125,
    "USDRON": 4.407504,
    "USDRSD": 107.420373,
    "USDRUB": 75.382504,
    "USDRWF": 937.5,
    "USDSAR": 3.759204,
    "USDSBD": 8.274038,
    "USDSCR": 17.850372,
    "USDSDG": 55.303678,
    "USDSEK": 9.841504,
    "USDSGD": 1.415404,
    "USDSHP": 0.80039,
    "USDSLL": 9705.000339,
    "USDSOS": 581.000338,
    "USDSRD": 7.458038,
    "USDSTD": 22051.386135,
    "USDSVC": 8.692912,
    "USDSYP": 514.451644,
    "USDSZL": 18.53037,
    "USDTHB": 32.303653,
    "USDTJS": 10.18074,
    "USDTMT": 3.5,
    "USDTND": 2.900504,
    "USDTOP": 2.30555,
    "USDTRY": 7.012038,
    "USDTTD": 6.707714,
    "USDTWD": 29.908038,
    "USDTZS": 2314.203635,
    "USDUAH": 26.767001,
    "USDUGX": 3775.218904,
    "USDUSD": 1,
    "USDUYU": 42.724486,
    "USDUZS": 10120.000335,
    "USDVEF": 9.987504,
    "USDVND": 23445.5,
    "USDVUV": 119.201859,
    "USDWST": 2.771609,
    "USDXAF": 599.22534,
    "USDXAG": 0.066724,
    "USDXAU": 0.000588,
    "USDXCD": 2.70255,
    "USDXDR": 0.728442,
    "USDXOF": 604.503602,
    "USDXPF": 109.050364,
    "USDYER": 250.350364,
    "USDZAR": 18.812504,
    "USDZMK": 9001.203593,
    "USDZMW": 18.553008,
    "USDZWL": 322.000001
}
